IC50_key,plate_id,position_id,format,replicates,index,compound,cell,starting_uM,dilution_factor,file_name,date,IC50_uM,IC50_SE,GI50_uM,IC90_uM,IC90_SE,min,max,hill_slope,Zprime
123456,,pos_1,384w,3,1,comp01,Dd2,1,2,automated_syber_4432.csv,17/02/2023,0.098397727,0.004674234,0.104390164,0.179282637,0.021757711,9.733822751,100,3.662371601,
123465,,pos_1,384w,3,1,comp01,Dd2_PI4K_S743F+H1484Y,1,2,automated_syber_4430.csv,17/02/2023,0.079986711,0.003308558,0.085783557,0.216296494,0.024165845,7.159455287,100,2.208732935,
123474,,pos_1,384w,3,2,comp01,Dd2,1,2,automated_syber_4434.csv,21/02/2023,0.162711878,0.008208642,0.166385173,0.214179718,0.020231848,8.172850475,100,7.994720481,
123482,,pos_1,384w,3,2,comp01,Dd2_PI4K_CNV,1,2,automated_syber_4437.csv,21/02/2023,0.328420952,0.003496475,0.337436202,0.537488583,0.012102358,5.688902909,100,4.46036131,
123490,,pos_1,384w,3,2,comp01,Dd2_PI4K_S743F+H1484Y,1,2,automated_syber_4436.csv,21/02/2023,0.080856959,0.002109385,0.083329422,0.15452626,0.009837659,4.856669559,100,3.392441393,
123498,,pos_1,384w,3,3,comp01,Dd2,1,2,automated_syber_4450.csv,24/02/2023,0.095186462,0.005279184,0.101135102,0.155660452,0.017948034,11.86190854,100,4.467362619,
123507,,pos_1,384w,3,3,comp01,Dd2_PI4K_CNV,1,2,automated_syber_4449.csv,24/02/2023,0.336115555,0.023513776,0.341032686,0.877276451,0.159191847,1.635770651,100,2.290285399,
123515,,pos_1,384w,3,3,comp01,Dd2_PI4K_S1320L+L1418F,1,2,automated_syber_4451.csv,24/02/2023,0.553527707,0.037065868,0.651524896,0.981374868,0.187044286,23.24880937,100,3.836990411,
123521,,pos_7,384w,3,3,comp01,Dd2_PI4K_S743F+H1484Y,1,2,automated_syber_4448.csv,24/02/2023,0.079922378,0.001926583,0.082598067,0.171347618,0.009871488,4.525676379,100,2.881082866,
123530,,pos_1,384w,3,4,comp01,Dd2,5,2,automated_syber_4452.csv,28/02/2023,0.104138682,0.002385508,0.105096761,0.146695297,0.006049921,2.851825339,100,6.412742829,
123538,,pos_1,384w,3,4,comp01,Dd2_PI4K_CNV,5,2,automated_syber_4456.csv,28/02/2023,0.297943905,0.014366168,0.291877679,0.865805928,0.09425103,-2.163991927,100,2.059726402,
123546,,pos_1,384w,3,4,comp01,Dd2_PI4K_S1320L+L1418F,5,2,automated_syber_4454.csv,28/02/2023,0.867865705,0.032315173,0.875287053,2.151063316,0.187268465,1.020054192,100,2.420702422,
123552,,pos_7,384w,3,4,comp01,Dd2_PI4K_S743F+H1484Y,5,2,automated_syber_4455.csv,28/02/2023,0.074472802,0.003143559,0.077398002,0.181072974,0.020586093,4.544050466,100,2.473053831,
123560,,pos_1,384w,3,5,comp01,Dd2,5,2,automated_syber_4461.csv,03/03/2023,0.19108708,0.003129294,0.193359528,0.334201411,0.013050793,2.270195225,100,3.930531664,
123568,,pos_1,384w,3,5,comp01,Dd2_PI4K_CNV,25,2,automated_syber_4464.csv,03/03/2023,0.441705979,0.014654402,0.439122258,1.063384979,0.081832551,-0.739000153,100,2.500915725,
123576,,pos_1,384w,3,5,comp01,Dd2_PI4K_S1320L+L1418F,25,2,automated_syber_4463.csv,03/03/2023,1.010887846,0.0348086,1.021736999,1.526282344,0.110301774,2.767005914,100,5.332992495,
123584,,pos_1,384w,3,5,comp01,Dd2_PI4K_S743F+H1484Y,5,2,automated_syber_4462.csv,03/03/2023,0.025839542,0.0007503,0.026233165,0.045423318,0.003098171,2.859288609,100,3.894962126,
123592,,pos_1,384w,3,6,comp01,Dd2,5,2,automated_syber_4474.csv,06/03/2023,0.214928279,0.007401435,0.223996815,0.412396513,0.034600439,6.503421305,100,3.371626426,
123601,,pos_1,384w,3,6,comp01,Dd2_PI4K_CNV,25,2,automated_syber_4477.csv,06/03/2023,0.41794178,0.02365645,0.408318584,1.801548053,0.225742186,-1.782615982,100,1.503857051,
123610,,pos_1,384w,3,6,comp01,Dd2_PI4K_S1320L+L1418F,25,2,automated_syber_4475.csv,06/03/2023,1.309983128,0.115102121,1.344625429,3.626368729,0.828540846,2.73836622,100,2.157912717,
123619,,pos_1,384w,3,6,comp01,Dd2_PI4K_S743F+H1484Y,5,2,automated_syber_4476.csv,06/03/2023,0.041000051,0.003782249,0.041692476,0.173560562,0.038473633,1.258963966,100,1.52272744,
123628,,pos_1,384w,3,7,comp01,Dd2,5,2,automated_syber_4486.csv,14/03/2023,0.171312828,0.010421805,0.178259446,0.464699627,0.070658104,4.190007511,100,2.20184858,
123637,,pos_1,384w,3,7,comp01,Dd2_PI4K_S1320L+L1418F,25,2,automated_syber_4487.csv,14/03/2023,0.952255791,0.031585789,0.968371201,1.917381268,0.156549956,2.56606704,100,3.139421809,
123646,,pos_1,384w,3,7,comp01,Dd2_PI4K_S743F+H1484Y,5,2,automated_syber_4488.csv,14/03/2023,0.031599449,0.001590773,0.032299518,0.095345323,0.012513867,2.133013801,100,1.989580775,
123655,,pos_1,384w,3,7,comp01,Dd2_PI4K_CNV,25,2,automated_syber_4489.csv,14/03/2023,0.252067912,0.012638126,0.252949767,0.940043286,0.10392515,0.290649277,100,1.669335112,
123664,,pos_1,384w,3,8,comp01,Dd2,5,2,automated_syber_4490.csv,17/03/2023,0.160771725,0.004993109,0.163913173,0.436465474,0.033771382,2.084003853,100,2.200032313,
123673,,pos_1,384w,3,8,comp01,Dd2_PI4K_S1320L+L1418F,25,2,automated_syber_4491.csv,17/03/2023,0.928092275,0.010733606,0.930997178,1.40945443,0.042803831,0.814978655,100,5.258696867,
123682,,pos_1,384w,3,8,comp01,Dd2_PI4K_S743F+H1484Y,5,2,automated_syber_4492.csv,17/03/2023,0.02614786,0.000350273,0.026266516,0.057444092,0.001813966,0.628020897,100,2.791740129,
123691,,pos_1,384w,3,8,comp01,Dd2_PI4K_CNV,25,2,automated_syber_4493.csv,17/03/2023,0.218828739,0.012970093,0.221342164,0.684144781,0.092525591,1.088662295,100,1.927592624,
123457,,pos_2,384w,3,1,comp02,Dd2,1,2,automated_syber_4432.csv,17/02/2023,0.057165001,0.002399075,0.060983786,0.127534667,0.015090667,8.113783633,100,2.738157494,
123466,,pos_2,384w,3,1,comp02,Dd2_PI4K_S743F+H1484Y,1,2,automated_syber_4430.csv,17/02/2023,0.27896291,0.020664868,0.311667678,0.928855145,0.161800618,9.165654727,100,1.826645714,
123475,,pos_2,384w,3,2,comp02,Dd2,1,2,automated_syber_4434.csv,21/02/2023,0.104380009,0.002784007,0.10750138,0.150463242,0.005720883,8.112944552,100,6.008588684,
123483,,pos_2,384w,3,2,comp02,Dd2_PI4K_CNV,1,2,automated_syber_4437.csv,21/02/2023,0.216813631,0.004568793,0.22622044,0.345818484,0.016285351,9.058627359,100,4.70622848,
123491,,pos_2,384w,3,2,comp02,Dd2_PI4K_S743F+H1484Y,1,2,automated_syber_4436.csv,21/02/2023,0.37186819,0.020894819,0.39259314,0.908504659,0.132299703,6.24445091,100,2.459780153,
123499,,pos_2,384w,3,3,comp02,Dd2,1,2,automated_syber_4450.csv,24/02/2023,0.071022894,0.00380848,0.075854332,0.16137232,0.023656381,8.077255551,100,2.67721768,
123508,,pos_2,384w,3,3,comp02,Dd2_PI4K_CNV,1,2,automated_syber_4449.csv,24/02/2023,0.226724675,0.018035208,0.216787707,0.825995448,0.148280086,-3.957226844,100,1.699516344,
123522,,pos_8,384w,3,3,comp02,Dd2_PI4K_S743F+H1484Y,1,2,automated_syber_4448.csv,24/02/2023,0.325060124,0.011363239,0.361516589,0.698421894,0.060476307,13.1579024,100,2.872890528,
123531,,pos_2,384w,3,4,comp02,Dd2,5,2,automated_syber_4452.csv,28/02/2023,0.073849123,0.00146802,0.075159465,0.122682207,0.008132631,3.665493127,100,4.328882231,
123539,,pos_2,384w,3,4,comp02,Dd2_PI4K_CNV,5,2,automated_syber_4456.csv,28/02/2023,0.227911508,0.010533974,0.224539644,0.687730153,0.074822553,-1.504852778,100,1.989448359,
123553,,pos_8,384w,3,4,comp02,Dd2_PI4K_S743F+H1484Y,5,2,automated_syber_4455.csv,28/02/2023,0.374631401,0.013305178,0.399215247,0.701881512,0.070116404,9.971768495,100,3.499757261,
123561,,pos_2,384w,3,5,comp02,Dd2,5,2,automated_syber_4461.csv,03/03/2023,0.079876979,0.002016408,0.081568307,0.15563461,0.010931227,3.334650656,100,3.294074561,
123569,,pos_2,384w,3,5,comp02,Dd2_PI4K_CNV,25,2,automated_syber_4464.csv,03/03/2023,0.23378676,0.007643251,0.234503801,0.580813684,0.045970717,0.368338827,100,2.414477832,
123577,,pos_2,384w,3,5,comp02,Dd2_PI4K_S1320L+L1418F,25,2,automated_syber_4463.csv,03/03/2023,2.521540878,0.093926337,2.577321672,6.757171563,0.647875417,2.380102171,100,2.229023333,
123585,,pos_2,384w,3,5,comp02,Dd2_PI4K_S743F+H1484Y,25,2,automated_syber_4462.csv,03/03/2023,0.41756276,0.012572714,0.426289752,0.843598631,0.06756938,3.129141602,100,3.124421857,
123593,,pos_2,384w,3,6,comp02,Dd2,5,2,automated_syber_4474.csv,06/03/2023,0.11983759,0.007518283,0.126311828,0.304169042,0.055211242,5.836243917,100,2.358938793,
123602,,pos_2,384w,3,6,comp02,Dd2_PI4K_CNV,25,2,automated_syber_4477.csv,06/03/2023,0.320265335,0.012029075,0.316187997,1.304970572,0.11151305,-1.012137134,100,1.564099203,
123611,,pos_2,384w,3,6,comp02,Dd2_PI4K_S1320L+L1418F,25,2,automated_syber_4475.csv,06/03/2023,5.860852915,0.190350259,5.742361855,14.1730544,1.17097326,-2.606724447,100,2.488229364,
123620,,pos_2,384w,3,6,comp02,Dd2_PI4K_S743F+H1484Y,25,2,automated_syber_4476.csv,06/03/2023,0.630669363,0.078029689,0.665073503,2.231367078,0.777373507,4.411244737,100,1.738877397,
123629,,pos_2,384w,3,7,comp02,Dd2,5,2,automated_syber_4486.csv,14/03/2023,0.074774797,0.00509661,0.078154906,0.21416592,0.041446656,4.409246135,100,2.088080299,
123638,,pos_2,384w,3,7,comp02,Dd2_PI4K_S1320L+L1418F,25,2,automated_syber_4487.csv,14/03/2023,3.112073955,0.165883009,2.966738314,11.24449885,1.505594513,-4.262170978,100,1.71044861,
123647,,pos_2,384w,3,7,comp02,Dd2_PI4K_S743F+H1484Y,25,2,automated_syber_4488.csv,14/03/2023,0.467013085,0.022436784,0.480982902,1.444209481,0.182656543,2.78749805,100,1.946237579,
123656,,pos_2,384w,3,7,comp02,Dd2_PI4K_CNV,25,2,automated_syber_4489.csv,14/03/2023,0.134886096,0.008324283,0.135849472,0.518757364,0.071509743,0.577083758,100,1.631191895,
123665,,pos_2,384w,3,8,comp02,Dd2,5,2,automated_syber_4490.csv,17/03/2023,0.066943681,0.003489439,0.069594605,0.125384611,0.02480396,6.356850486,100,3.501362179,
123674,,pos_2,384w,3,8,comp02,Dd2_PI4K_S1320L+L1418F,25,2,automated_syber_4491.csv,17/03/2023,3.49653065,0.073113846,3.494969348,6.086904242,0.381373655,-0.088588478,100,3.963473824,
123683,,pos_2,384w,3,8,comp02,Dd2_PI4K_S743F+H1484Y,25,2,automated_syber_4492.csv,17/03/2023,0.354587217,0.009721654,0.356571624,0.805887925,0.053581637,0.741246433,100,2.676309907,
123692,,pos_2,384w,3,8,comp02,Dd2_PI4K_CNV,25,2,automated_syber_4493.csv,17/03/2023,0.110016967,0.007872715,0.110017656,0.358517801,0.061071697,0.00058192,100,1.859936745,
123458,,pos_3,384w,3,1,comp03,Dd2,1,2,automated_syber_4432.csv,17/02/2023,0.048035233,0.005061529,0.041557828,0.35152072,0.09104848,-8.670002146,100,1.103947722,
123467,,pos_3,384w,3,1,comp03,Dd2_PI4K_S743F+H1484Y,1,2,automated_syber_4430.csv,17/02/2023,0.082679758,0.003150292,0.080411706,0.224865077,0.021104965,-3.149398892,100,2.196069987,
123476,,pos_3,384w,3,2,comp03,Dd2,1,2,automated_syber_4434.csv,21/02/2023,0.21506259,0.005770463,0.216469755,0.299440747,0.01119683,2.118502375,100,6.638392264,
123484,,pos_3,384w,3,2,comp03,Dd2_PI4K_CNV,1,2,automated_syber_4437.csv,21/02/2023,0.078051306,0.002186786,0.078497179,0.169256156,0.011454466,0.801980473,100,2.838619427,
123492,,pos_3,384w,3,2,comp03,Dd2_PI4K_S743F+H1484Y,1,2,automated_syber_4436.csv,21/02/2023,0.107551451,0.006481272,0.106901794,0.284234957,0.041952254,-0.689626964,100,2.260910207,
123500,,pos_3,384w,3,3,comp03,Dd2,1,2,automated_syber_4450.csv,24/02/2023,0.04770989,0.004633768,0.043856388,0.250045861,0.063595503,-5.909369503,100,1.326421428,
123509,,pos_3,384w,3,3,comp03,Dd2_PI4K_CNV,1,2,automated_syber_4449.csv,24/02/2023,0.070876044,0.00960936,0.060993696,0.498582061,0.182487528,-9.213545446,100,1.126299146,
123516,,pos_2,384w,3,3,comp03,Dd2_PI4K_S1320L+L1418F,1,2,automated_syber_4451.csv,24/02/2023,0.117819347,0.003064081,0.11839632,0.247556279,0.015445905,0.717626588,100,2.959283016,
123523,,pos_9,384w,3,3,comp03,Dd2_PI4K_S743F+H1484Y,1,2,automated_syber_4448.csv,24/02/2023,0.132709688,0.003100737,0.13163076,0.250095116,0.015842168,-1.435484665,100,3.46741847,
123532,,pos_3,384w,3,4,comp03,Dd2,5,2,automated_syber_4452.csv,28/02/2023,0.127890653,0.00198014,0.127708174,0.210978143,0.005767121,-0.314353225,100,4.389367019,
123540,,pos_3,384w,3,4,comp03,Dd2_PI4K_CNV,5,2,automated_syber_4456.csv,28/02/2023,0.130558077,0.002203103,0.13096036,0.277262764,0.010170369,0.446762753,100,2.91738945,
123547,,pos_2,384w,3,4,comp03,Dd2_PI4K_S1320L+L1418F,5,2,automated_syber_4454.csv,28/02/2023,0.151302669,0.004808874,0.149967236,0.306156248,0.022433718,-1.40115144,100,3.117456084,
123554,,pos_9,384w,3,4,comp03,Dd2_PI4K_S743F+H1484Y,5,2,automated_syber_4455.csv,28/02/2023,0.128412403,0.002748287,0.12760021,0.267166691,0.011871232,-0.960571966,100,2.99910896,
123562,,pos_3,384w,3,5,comp03,Dd2,5,2,automated_syber_4461.csv,03/03/2023,0.104819763,0.001084834,0.104993404,0.181222801,0.003809734,0.331039511,100,4.013306373,
123570,,pos_3,384w,3,5,comp03,Dd2_PI4K_CNV,5,2,automated_syber_4464.csv,03/03/2023,0.103317573,0.00242858,0.103434854,0.219111524,0.012069651,0.165517864,100,2.922722053,
123578,,pos_3,384w,3,5,comp03,Dd2_PI4K_S1320L+L1418F,5,2,automated_syber_4463.csv,03/03/2023,0.073493952,0.002704711,0.072692839,0.173969729,0.013906,-1.417105982,100,2.549936363,
123586,,pos_3,384w,3,5,comp03,Dd2_PI4K_S743F+H1484Y,5,2,automated_syber_4462.csv,03/03/2023,0.064055897,0.001212229,0.063954029,0.126357767,0.005147551,-0.258039646,100,3.23425086,
123594,,pos_3,384w,3,6,comp03,Dd2,5,2,automated_syber_4474.csv,06/03/2023,0.09409404,0.001965083,0.094151712,0.16970989,0.008722787,0.114002763,100,3.725399202,
123603,,pos_3,384w,3,6,comp03,Dd2_PI4K_CNV,5,2,automated_syber_4477.csv,06/03/2023,0.169513937,0.006441104,0.169680568,0.336485632,0.033755902,0.157186408,100,3.204725078,
123612,,pos_3,384w,3,6,comp03,Dd2_PI4K_S1320L+L1418F,5,2,automated_syber_4475.csv,06/03/2023,0.09338662,0.001543291,0.093622647,0.157648081,0.006533527,0.526818295,100,4.196242706,
123621,,pos_3,384w,3,6,comp03,Dd2_PI4K_S743F+H1484Y,5,2,automated_syber_4476.csv,06/03/2023,0.08687498,0.002224547,0.0870587,0.162085334,0.011018214,0.370757016,100,3.523153145,
123630,,pos_3,384w,3,7,comp03,Dd2,5,2,automated_syber_4486.csv,14/03/2023,0.096191805,0.002851978,0.095611743,0.213049104,0.014955519,-0.842681976,100,2.763184074,
123639,,pos_3,384w,3,7,comp03,Dd2_PI4K_S1320L+L1418F,5,2,automated_syber_4487.csv,14/03/2023,0.095509555,0.002186401,0.096005431,0.174948876,0.009843986,0.9311553,100,3.630171121,
123648,,pos_3,384w,3,7,comp03,Dd2_PI4K_S743F+H1484Y,5,2,automated_syber_4488.csv,14/03/2023,0.090078408,0.001797703,0.090902339,0.190897124,0.009261758,1.314296019,100,2.925520753,
123657,,pos_3,384w,3,7,comp03,Dd2_PI4K_CNV,5,2,automated_syber_4489.csv,14/03/2023,0.11039604,0.003876234,0.109879431,0.286119838,0.022421963,-0.544042817,100,2.30719357,
123666,,pos_3,384w,3,8,comp03,Dd2,5,2,automated_syber_4490.csv,17/03/2023,0.131728113,0.003044029,0.132351079,0.284086806,0.014507208,0.669905004,100,2.858960057,
123675,,pos_3,384w,3,8,comp03,Dd2_PI4K_S1320L+L1418F,5,2,automated_syber_4491.csv,17/03/2023,0.15009814,0.002834473,0.150520333,0.287951756,0.013120376,0.471408984,100,3.372544009,
123684,,pos_3,384w,3,8,comp03,Dd2_PI4K_S743F+H1484Y,5,2,automated_syber_4492.csv,17/03/2023,0.128061103,0.00426833,0.127453266,0.295300546,0.021640887,-0.629546405,100,2.629875609,
123693,,pos_3,384w,3,8,comp03,Dd2_PI4K_CNV,5,2,automated_syber_4493.csv,17/03/2023,0.122252229,0.003943629,0.122639866,0.263754316,0.018661559,0.450272109,100,2.857502967,
123459,,pos_4,384w,3,1,comp04,Dd2,1,2,automated_syber_4432.csv,17/02/2023,0.024615547,0.000929666,0.02431902,0.060848686,0.004976269,-1.493061903,100,2.427840229,
123468,,pos_4,384w,3,1,comp04,Dd2_PI4K_S743F+H1484Y,1,2,automated_syber_4430.csv,17/02/2023,0.033450217,0.000447717,0.03340404,0.051652207,0.002806842,-0.350535228,100,5.057198647,
123477,,pos_4,384w,3,2,comp04,Dd2,1,2,automated_syber_4434.csv,21/02/2023,0.09081651,0.002501014,0.090909541,0.121430861,0.004043553,0.385702039,100,7.563492839,
123485,,pos_4,384w,3,2,comp04,Dd2_PI4K_CNV,1,2,automated_syber_4437.csv,21/02/2023,0.029749543,0.00141262,0.030086465,0.071316682,0.00808732,1.395232893,100,2.513076841,
123493,,pos_4,384w,3,2,comp04,Dd2_PI4K_S743F+H1484Y,1,2,automated_syber_4436.csv,21/02/2023,0.041290467,0.001103072,0.041478163,0.063134939,0.003306101,1.159727016,100,5.17429041,
123501,,pos_4,384w,3,3,comp04,Dd2,1,2,automated_syber_4450.csv,24/02/2023,0.030747028,0.001611534,0.03038296,0.077969627,0.009760559,-1.426264861,100,2.361271488,
123510,,pos_4,384w,3,3,comp04,Dd2_PI4K_CNV,1,2,automated_syber_4449.csv,24/02/2023,0.031758114,0.001813224,0.031846759,0.056857288,0.009720596,0.523042125,100,3.772731985,
123517,,pos_3,384w,3,3,comp04,Dd2_PI4K_S1320L+L1418F,1,2,automated_syber_4451.csv,24/02/2023,0.042861949,0.000667586,0.043282086,0.062388531,0.001636669,2.774689939,100,5.853068963,
123524,,pos_1,384w,3,3,comp04,Dd2_PI4K_S743F+H1484Y,1,2,automated_syber_4448.csv,24/02/2023,0.043723769,0.000703485,0.043826199,0.060126326,0.001432432,0.800503046,100,6.897453175,
123533,,pos_4,384w,3,4,comp04,Dd2,1,2,automated_syber_4452.csv,28/02/2023,0.049800577,0.000970847,0.04983977,0.072044123,0.001677595,0.233507032,100,5.950471575,
123541,,pos_4,384w,3,4,comp04,Dd2_PI4K_CNV,1,2,automated_syber_4456.csv,28/02/2023,0.057148629,0.168218448,0.057236581,0.061593966,0.029565561,2.205266707,100,29.33210723,
123548,,pos_3,384w,3,4,comp04,Dd2_PI4K_S1320L+L1418F,1,2,automated_syber_4454.csv,28/02/2023,0.066421039,0.001140407,0.066230879,0.104305048,0.007280154,-0.702821095,100,4.868592625,
123555,,pos_1,384w,3,4,comp04,Dd2_PI4K_S743F+H1484Y,1,2,automated_syber_4455.csv,28/02/2023,0.050227835,0.000549742,0.050312714,0.075277023,0.001134198,0.456364384,100,5.430534349,
123563,,pos_4,384w,3,5,comp04,Dd2,1,2,automated_syber_4461.csv,03/03/2023,0.041313181,0.00066209,0.04142796,0.055759303,0.001604699,1.00620095,100,7.327436486,
123571,,pos_4,384w,3,5,comp04,Dd2_PI4K_CNV,1,2,automated_syber_4464.csv,03/03/2023,0.03880378,0.000972068,0.038950702,0.053607485,0.003037697,1.268346899,100,6.798952403,
123579,,pos_4,384w,3,5,comp04,Dd2_PI4K_S1320L+L1418F,1,2,automated_syber_4463.csv,03/03/2023,0.041012664,0.000672423,0.041011428,0.058096676,0.001798565,-0.009504162,100,6.309737803,
123587,,pos_4,384w,3,5,comp04,Dd2_PI4K_S743F+H1484Y,1,2,automated_syber_4462.csv,03/03/2023,0.037387774,0.000835684,0.037394359,0.051282918,0.002938557,0.061181802,100,6.952935394,
123595,,pos_4,384w,3,6,comp04,Dd2,1,2,automated_syber_4474.csv,06/03/2023,0.041632971,0.000570476,0.04176198,0.061929745,0.001570111,0.848662482,100,5.533063285,
123604,,pos_4,384w,3,6,comp04,Dd2_PI4K_CNV,1,2,automated_syber_4477.csv,06/03/2023,0.051451909,0.002200166,0.051820459,0.10181242,0.009568955,1.135834224,100,3.219449626,
123613,,pos_4,384w,3,6,comp04,Dd2_PI4K_S1320L+L1418F,1,2,automated_syber_4475.csv,06/03/2023,0.041475146,0.000637803,0.041718789,0.059532305,0.00168224,1.74909082,100,6.079341558,
123622,,pos_4,384w,3,6,comp04,Dd2_PI4K_S743F+H1484Y,1,2,automated_syber_4476.csv,06/03/2023,0.037820824,0.001567869,0.037949565,0.055934412,0.006027023,0.944984136,100,5.614905796,
123631,,pos_4,384w,3,7,comp04,Dd2,1,2,automated_syber_4486.csv,14/03/2023,0.040539844,0.000965385,0.040563723,0.076079973,0.004032649,0.102661009,100,3.490429488,
123640,,pos_4,384w,3,7,comp04,Dd2_PI4K_S1320L+L1418F,1,2,automated_syber_4487.csv,14/03/2023,0.03856033,0.001940519,0.038812968,0.055802359,0.006792077,1.903960141,100,5.944998521,
123649,,pos_4,384w,3,7,comp04,Dd2_PI4K_S743F+H1484Y,1,2,automated_syber_4488.csv,14/03/2023,0.054693611,NA,0.054812936,0.059246199,NA,2.90658451,100,27.48085913,
123658,,pos_4,384w,3,7,comp04,Dd2_PI4K_CNV,1,2,automated_syber_4489.csv,14/03/2023,0.037448222,0.00165046,0.0376664,0.069181623,0.007811375,1.029066855,100,3.579847561,
123667,,pos_4,384w,3,8,comp04,Dd2,1,2,automated_syber_4490.csv,17/03/2023,0.042763779,0.000879881,0.043242367,0.059753568,0.002011938,3.524443273,100,6.567948253,
123676,,pos_4,384w,3,8,comp04,Dd2_PI4K_S1320L+L1418F,1,2,automated_syber_4491.csv,17/03/2023,0.047463828,0.000783586,0.047785344,0.070115403,0.001561248,1.865216613,100,5.631388053,
123685,,pos_4,384w,3,8,comp04,Dd2_PI4K_S743F+H1484Y,1,2,automated_syber_4492.csv,17/03/2023,0.042264015,0.000801687,0.042484437,0.059683113,0.001941674,1.628795836,100,6.366679722,
123694,,pos_4,384w,3,8,comp04,Dd2_PI4K_CNV,1,2,automated_syber_4493.csv,17/03/2023,0.041161299,0.00136694,0.041462806,0.059822049,0.00381193,2.099227061,100,5.876882876,
123460,,pos_5,384w,3,1,comp05,Dd2,10,2,automated_syber_4432.csv,17/02/2023,0.039661265,0.002530752,0.039695258,0.134703018,0.018406337,0.076917739,100,1.797030433,
123469,,pos_5,384w,3,1,comp05,Dd2_PI4K_S743F+H1484Y,10,2,automated_syber_4430.csv,17/02/2023,0.0558249,0.003428619,0.055285539,0.178305354,0.023816465,-0.926961272,100,1.892075305,
123502,,pos_5,384w,3,3,comp05,Dd2,2,2,automated_syber_4450.csv,24/02/2023,0.052743257,0.004492954,0.050653075,0.203457086,0.04562952,-3.401275685,100,1.627550662,
123511,,pos_5,384w,3,3,comp05,Dd2_PI4K_CNV,2,2,automated_syber_4449.csv,24/02/2023,0.071961392,0.000661728,0.072718703,0.124647152,0.003027199,2.050351986,100,3.999628229,
123518,,pos_4,384w,3,3,comp05,Dd2_PI4K_S1320L+L1418F,2,2,automated_syber_4451.csv,24/02/2023,0.112950472,0.002881313,0.114304081,0.225931081,0.013156694,1.852585466,100,3.16931507,
123525,,pos_2,384w,3,3,comp05,Dd2_PI4K_S743F+H1484Y,2,2,automated_syber_4448.csv,24/02/2023,0.127026996,0.004117104,0.125935242,0.25354916,0.020809817,-1.391045087,100,3.179047714,
123534,,pos_5,384w,3,4,comp05,Dd2,2,2,automated_syber_4452.csv,28/02/2023,0.046827682,0.000978799,0.046946932,0.07817027,0.002968839,0.54232517,100,4.287979776,
123542,,pos_5,384w,3,4,comp05,Dd2_PI4K_CNV,2,2,automated_syber_4456.csv,28/02/2023,0.042523275,0.000772961,0.042754288,0.063711508,0.002063037,1.450711634,100,5.434455963,
123549,,pos_4,384w,3,4,comp05,Dd2_PI4K_S1320L+L1418F,2,2,automated_syber_4454.csv,28/02/2023,0.067850658,0.001446639,0.067562869,0.120637152,0.007406498,-0.818065957,100,3.818084785,
123556,,pos_2,384w,3,4,comp05,Dd2_PI4K_S743F+H1484Y,2,2,automated_syber_4455.csv,28/02/2023,0.059912915,0.001717731,0.059471443,0.126995686,0.008190806,-1.093320547,100,2.924715285,
123564,,pos_5,384w,3,5,comp05,Dd2,2,2,automated_syber_4461.csv,03/03/2023,0.043098826,0.000406265,0.043244261,0.063749567,0.001009312,0.936529444,100,5.61280163,
123572,,pos_5,384w,3,5,comp05,Dd2_PI4K_CNV,2,2,automated_syber_4464.csv,03/03/2023,0.039982989,0.000950213,0.040109796,0.063005929,0.003335417,0.759121011,100,4.831456773,
123580,,pos_5,384w,3,5,comp05,Dd2_PI4K_S1320L+L1418F,2,2,automated_syber_4463.csv,03/03/2023,0.041276059,0.001396262,0.041315785,0.075371394,0.005644592,0.175209261,100,3.648994732,
123588,,pos_5,384w,3,5,comp05,Dd2_PI4K_S743F+H1484Y,2,2,automated_syber_4462.csv,03/03/2023,0.038216368,0.001446685,0.038219621,0.068048146,0.006744584,0.016203456,100,3.808334492,
123596,,pos_5,384w,3,6,comp05,Dd2,2,2,automated_syber_4474.csv,06/03/2023,0.042159591,0.001142384,0.04234885,0.070171415,0.00391348,0.956573761,100,4.312690533,
123605,,pos_5,384w,3,6,comp05,Dd2_PI4K_CNV,2,2,automated_syber_4477.csv,06/03/2023,0.047868306,0.002139354,0.048120353,0.088194591,0.009020988,0.935268878,100,3.595570798,
123614,,pos_5,384w,3,6,comp05,Dd2_PI4K_S1320L+L1418F,2,2,automated_syber_4475.csv,06/03/2023,0.052009767,0.001248812,0.052438032,0.09166286,0.004447437,1.564807872,100,3.877324569,
123623,,pos_5,384w,3,6,comp05,Dd2_PI4K_S743F+H1484Y,2,2,automated_syber_4476.csv,06/03/2023,0.047305782,0.001534233,0.047439922,0.08106297,0.004967037,0.574255189,100,4.079558475,
123632,,pos_5,384w,3,7,comp05,Dd2,2,2,automated_syber_4486.csv,14/03/2023,0.038981372,0.00342901,0.038763846,0.085311134,0.026091132,-0.791117856,100,2.805369558,
123641,,pos_5,384w,3,7,comp05,Dd2_PI4K_S1320L+L1418F,2,2,automated_syber_4487.csv,14/03/2023,0.044223055,0.002484913,0.044526351,0.076266435,0.008860672,1.359007499,100,4.031703352,
123650,,pos_5,384w,3,7,comp05,Dd2_PI4K_S743F+H1484Y,2,2,automated_syber_4488.csv,14/03/2023,0.044229758,0.00153726,0.044509832,0.065659719,0.003632832,1.724790941,100,5.561357458,
123659,,pos_5,384w,3,7,comp05,Dd2_PI4K_CNV,2,2,automated_syber_4489.csv,14/03/2023,0.040323005,0.001996944,0.040495719,0.071529767,0.008771921,0.81252759,100,3.833316553,
123668,,pos_5,384w,3,8,comp05,Dd2,2,2,automated_syber_4490.csv,17/03/2023,0.045090389,0.001568837,0.045311532,0.070451917,0.004141179,1.19003794,100,4.923627681,
123677,,pos_5,384w,3,8,comp05,Dd2_PI4K_S1320L+L1418F,2,2,automated_syber_4491.csv,17/03/2023,0.051330812,0.002886177,0.051493202,0.097878178,0.013345983,0.534757352,100,3.404267392,
123686,,pos_5,384w,3,8,comp05,Dd2_PI4K_S743F+H1484Y,2,2,automated_syber_4492.csv,17/03/2023,0.046870787,0.003208346,0.046832957,0.09524193,0.017514966,-0.125266644,100,3.098935111,
123695,,pos_5,384w,3,8,comp05,Dd2_PI4K_CNV,2,2,automated_syber_4493.csv,17/03/2023,0.039930505,0.00201792,0.040088272,0.062839467,0.007254737,0.946309945,100,4.845649358,
123461,,pos_6,384w,3,1,comp06,Dd2,5,2,automated_syber_4432.csv,17/02/2023,0.059011278,0.004163107,0.057667387,0.196873154,0.033519463,-2.14533213,100,1.823678566,
123470,,pos_6,384w,3,1,comp06,Dd2_PI4K_S743F+H1484Y,5,2,automated_syber_4430.csv,17/02/2023,0.095251269,0.002883502,0.095187916,0.150009124,0.01142944,-0.161198294,100,4.83780729,
123478,,pos_5,384w,3,2,comp06,Dd2,5,2,automated_syber_4434.csv,21/02/2023,0.243343349,0.00322605,0.243911429,0.325041864,0.003497215,0.877145184,100,7.590231311,
123486,,pos_5,384w,3,2,comp06,Dd2_PI4K_CNV,5,2,automated_syber_4437.csv,21/02/2023,0.088822142,0.002419453,0.0903832,0.169268888,0.011955799,2.881815721,100,3.407328722,
123494,,pos_5,384w,3,2,comp06,Dd2_PI4K_S743F+H1484Y,5,2,automated_syber_4436.csv,21/02/2023,0.111682302,0.002548552,0.112182961,0.198990303,0.009088526,0.843557442,100,3.804073414,
123503,,pos_6,384w,3,3,comp06,Dd2,5,2,automated_syber_4450.csv,24/02/2023,0.078375333,0.005361857,0.077016564,0.219555385,0.036659847,-1.900426217,100,2.133030426,
123512,,pos_6,384w,3,3,comp06,Dd2_PI4K_CNV,5,2,automated_syber_4449.csv,24/02/2023,0.100197838,0.001607022,0.100610844,0.161028554,0.005399798,0.943500321,100,4.63124382,
123519,,pos_5,384w,3,3,comp06,Dd2_PI4K_S1320L+L1418F,5,2,automated_syber_4451.csv,24/02/2023,0.115383377,0.002570305,0.115913311,0.163371791,0.004651582,1.426810975,100,6.318071559,
123526,,pos_3,384w,3,3,comp06,Dd2_PI4K_S743F+H1484Y,5,2,automated_syber_4448.csv,24/02/2023,0.079428147,0.000595087,0.079448494,0.080574952,0.001140778,1.924950562,100,153.2765843,
123597,,pos_6,384w,3,6,comp06,Dd2,5,2,automated_syber_4474.csv,06/03/2023,0.082052975,0.001187006,0.081907084,0.133064086,0.006799978,-0.40602918,100,4.544736424,
123606,,pos_6,384w,3,6,comp06,Dd2_PI4K_CNV,5,2,automated_syber_4477.csv,06/03/2023,0.084786398,0.000945634,0.085539475,0.136005159,0.004989104,2.014112023,100,4.649643098,
123615,,pos_6,384w,3,6,comp06,Dd2_PI4K_S1320L+L1418F,5,2,automated_syber_4475.csv,06/03/2023,0.080266455,0.000760913,0.080574591,0.128603146,0.004490798,0.885066863,100,4.661264785,
123624,,pos_6,384w,3,6,comp06,Dd2_PI4K_S743F+H1484Y,5,2,automated_syber_4476.csv,06/03/2023,0.07211905,0.000549909,0.072216466,0.117375807,0.002303702,0.303546846,100,4.511175055,
123633,,pos_6,384w,3,7,comp06,Dd2,5,2,automated_syber_4486.csv,14/03/2023,0.06534861,0.003756678,0.064882813,0.140851473,0.018878773,-1.03386796,100,2.86108209,
123642,,pos_6,384w,3,7,comp06,Dd2_PI4K_S1320L+L1418F,5,2,automated_syber_4487.csv,14/03/2023,0.060058392,0.002669135,0.060292244,0.084548314,0.004122351,1.232886725,100,6.4245235,
123651,,pos_6,384w,3,7,comp06,Dd2_PI4K_S743F+H1484Y,5,2,automated_syber_4488.csv,14/03/2023,0.058622746,0.001823407,0.058944026,0.077828354,0.002310562,2.074583207,100,7.753549957,
123660,,pos_6,384w,3,7,comp06,Dd2_PI4K_CNV,5,2,automated_syber_4489.csv,14/03/2023,0.059443301,0.001914202,0.05964919,0.08710861,0.003625627,0.984236208,100,5.749898004,
123669,,pos_6,384w,3,8,comp06,Dd2,5,2,automated_syber_4490.csv,17/03/2023,0.066082794,0.001202052,0.066748983,0.102980592,0.003444815,2.423301091,100,4.952807548,
123678,,pos_6,384w,3,8,comp06,Dd2_PI4K_S1320L+L1418F,5,2,automated_syber_4491.csv,17/03/2023,0.07885962,0.001773936,0.079330059,0.127207437,0.010562118,1.348079562,100,4.595263947,
123687,,pos_6,384w,3,8,comp06,Dd2_PI4K_S743F+H1484Y,5,2,automated_syber_4492.csv,17/03/2023,0.060470772,0.002440809,0.060702541,0.08597695,0.003961639,1.180057646,100,6.243550429,
123696,,pos_6,384w,3,8,comp06,Dd2_PI4K_CNV,5,2,automated_syber_4493.csv,17/03/2023,0.065348894,0.003047858,0.065595352,0.083397896,0.001847393,1.667275296,100,9.009354657,
123462,,pos_7,384w,3,1,comp07,Dd2,5,2,automated_syber_4432.csv,17/02/2023,0.074596425,0.008379607,0.068684177,0.507181851,0.138540887,-4.963991331,100,1.14631203,
123471,,pos_7,384w,3,1,comp07,Dd2_PI4K_S743F+H1484Y,5,2,automated_syber_4430.csv,17/02/2023,0.12606216,0.005015811,0.126391212,0.209988907,0.015897993,0.558102341,100,4.305922939,
123479,,pos_6,384w,3,2,comp07,Dd2,5,2,automated_syber_4434.csv,21/02/2023,0.49092165,0.008012645,0.491855239,0.684132807,0.011548743,0.625002903,100,6.62078831,
123487,,pos_6,384w,3,2,comp07,Dd2_PI4K_CNV,5,2,automated_syber_4437.csv,21/02/2023,0.119944786,0.003456777,0.12168886,0.192526003,0.009323185,3.241684887,100,4.643334614,
123495,,pos_6,384w,3,2,comp07,Dd2_PI4K_S743F+H1484Y,5,2,automated_syber_4436.csv,21/02/2023,0.186981483,0.00580049,0.187452731,0.331978441,0.027924705,0.479403174,100,3.827514363,
123504,,pos_7,384w,3,3,comp07,Dd2,5,2,automated_syber_4450.csv,24/02/2023,0.104111257,0.009851437,0.099641296,0.462420221,0.117472446,-3.340268795,100,1.473644558,
123513,,pos_7,384w,3,3,comp07,Dd2_PI4K_CNV,5,2,automated_syber_4449.csv,24/02/2023,0.128526308,0.005330941,0.129310859,0.303907804,0.03194261,0.770877563,100,2.553158442,
123520,,pos_6,384w,3,3,comp07,Dd2_PI4K_S1320L+L1418F,5,2,automated_syber_4451.csv,24/02/2023,0.189490621,0.004890666,0.192138836,0.28076307,0.018642888,3.731447065,100,5.588461901,
123527,,pos_4,384w,3,3,comp07,Dd2_PI4K_S743F+H1484Y,5,2,automated_syber_4448.csv,24/02/2023,0.216176293,0.002615592,0.217308948,0.307227583,0.005957308,1.606962665,100,6.251091689,
123535,,pos_6,384w,3,4,comp07,Dd2,5,2,automated_syber_4452.csv,28/02/2023,0.241254265,0.003468879,0.241804627,0.34755964,0.006033047,0.681011778,100,6.018394169,
123543,,pos_6,384w,3,4,comp07,Dd2_PI4K_CNV,5,2,automated_syber_4456.csv,28/02/2023,0.204555836,0.003433478,0.206664646,0.306311967,0.010201876,2.714256484,100,5.441865649,
123550,,pos_5,384w,3,4,comp07,Dd2_PI4K_S1320L+L1418F,5,2,automated_syber_4454.csv,28/02/2023,0.262852967,0.005906239,0.262622136,0.463085024,0.021175058,-0.170725245,100,3.879857045,
123557,,pos_3,384w,3,4,comp07,Dd2_PI4K_S743F+H1484Y,5,2,automated_syber_4455.csv,28/02/2023,0.240698625,0.005193217,0.24139067,0.385278001,0.013540901,0.666020705,100,4.670776764,
123565,,pos_6,384w,3,5,comp07,Dd2,5,2,automated_syber_4461.csv,03/03/2023,0.198843987,0.002529572,0.200228791,0.319113878,0.008867554,1.586152105,100,4.645025083,
123573,,pos_6,384w,3,5,comp07,Dd2_PI4K_CNV,5,2,automated_syber_4464.csv,03/03/2023,0.19426968,0.005757379,0.195471724,0.291785057,0.02066446,1.638533868,100,5.401636988,
123581,,pos_6,384w,3,5,comp07,Dd2_PI4K_S1320L+L1418F,5,2,automated_syber_4463.csv,03/03/2023,0.202254331,0.00970433,0.201112127,0.400401855,0.047121406,-0.919385638,100,3.217289736,
123589,,pos_6,384w,3,5,comp07,Dd2_PI4K_S743F+H1484Y,5,2,automated_syber_4462.csv,03/03/2023,0.192418021,0.007061838,0.192042743,0.340454138,0.030365413,-0.377285705,100,3.850657562,
123598,,pos_7,384w,3,6,comp07,Dd2,5,2,automated_syber_4474.csv,06/03/2023,0.231723607,0.002887154,0.232848441,0.375272263,0.007902376,1.09140041,100,4.557550324,
123607,,pos_7,384w,3,6,comp07,Dd2_PI4K_CNV,5,2,automated_syber_4477.csv,06/03/2023,0.24453144,0.006730621,0.248612679,0.451255615,0.02713494,2.88161271,100,3.586192613,
123616,,pos_7,384w,3,6,comp07,Dd2_PI4K_S1320L+L1418F,5,2,automated_syber_4475.csv,06/03/2023,0.264247668,0.002090298,0.266602313,0.414839361,0.005850013,2.114943847,100,4.871845549,
123625,,pos_7,384w,3,6,comp07,Dd2_PI4K_S743F+H1484Y,5,2,automated_syber_4476.csv,06/03/2023,0.253961553,0.005469728,0.255104147,0.419863907,0.016165062,0.971381889,100,4.37043154,
123634,,pos_7,384w,3,7,comp07,Dd2,5,2,automated_syber_4486.csv,14/03/2023,0.180025672,0.004531073,0.180039952,0.284350396,0.022175416,0.019059639,100,4.80679733,
123643,,pos_7,384w,3,7,comp07,Dd2_PI4K_S1320L+L1418F,5,2,automated_syber_4487.csv,14/03/2023,0.191969229,0.005800607,0.193524003,0.290460072,0.021368961,2.094737025,100,5.305626524,
123652,,pos_7,384w,3,7,comp07,Dd2_PI4K_S743F+H1484Y,5,2,automated_syber_4488.csv,14/03/2023,0.190979435,0.004091409,0.19297746,0.280104585,0.014880924,2.898011228,100,5.736919259,
123661,,pos_7,384w,3,7,comp07,Dd2_PI4K_CNV,5,2,automated_syber_4489.csv,14/03/2023,0.19297041,0.004237929,0.19440086,0.285695105,0.014861995,2.025611749,100,5.599617823,
123670,,pos_7,384w,3,8,comp07,Dd2,5,2,automated_syber_4490.csv,17/03/2023,0.175284829,0.002679127,0.178015505,0.288434226,0.013656444,3.296154478,100,4.411611843,
123679,,pos_7,384w,3,8,comp07,Dd2_PI4K_S1320L+L1418F,5,2,automated_syber_4491.csv,17/03/2023,0.17078389,0.057656863,0.171430133,0.185892295,0.122593814,4.662872223,100,25.92029843,
123688,,pos_7,384w,3,8,comp07,Dd2_PI4K_S743F+H1484Y,5,2,automated_syber_4492.csv,17/03/2023,0.214996191,0.005186446,0.215841889,0.306236739,0.012133345,1.204508527,100,6.211443635,
123697,,pos_7,384w,3,8,comp07,Dd2_PI4K_CNV,5,2,automated_syber_4493.csv,17/03/2023,0.192885797,0.004239931,0.194564222,0.292409594,0.015171355,2.236210059,100,5.281063094,
123463,,pos_8,384w,3,1,comp08,Dd2,1,2,automated_syber_4432.csv,17/02/2023,0.064453348,0.006739644,0.069207414,0.151122905,0.045830878,8.382334209,100,2.578442789,
123472,,pos_8,384w,3,1,comp08,Dd2_PI4K_S743F+H1484Y,1,2,automated_syber_4430.csv,17/02/2023,0.314791748,0.029851285,0.349740526,0.792563058,0.192583804,11.08037082,100,2.379594907,
123480,,pos_7,384w,3,2,comp08,Dd2,1,2,automated_syber_4434.csv,21/02/2023,0.121035855,0.000879338,0.124753896,0.162405498,0.008324641,10.11862581,100,7.473312463,
123488,,pos_7,384w,3,2,comp08,Dd2_PI4K_CNV,1,2,automated_syber_4437.csv,21/02/2023,0.540685855,0.245137393,0.433966104,2.500663822,2.163253808,-18.54402686,100,1.434713168,
123496,,pos_7,384w,3,2,comp08,Dd2_PI4K_S743F+H1484Y,1,2,automated_syber_4436.csv,21/02/2023,0.313377658,0.016648755,0.331621528,0.644643487,0.090137762,7.916739803,100,3.046249748,
123505,,pos_8,384w,3,3,comp08,Dd2,1,2,automated_syber_4450.csv,24/02/2023,0.07455694,0.007755426,0.080010654,0.14957981,0.048617942,9.985593636,100,3.155721395,
123528,,pos_5,384w,3,3,comp08,Dd2_PI4K_S743F+H1484Y,1,2,automated_syber_4448.csv,24/02/2023,0.292319205,0.014418615,0.324867447,0.625786968,0.084211795,13.13453353,100,2.886665202,
123536,,pos_7,384w,3,4,comp08,Dd2,5,2,automated_syber_4452.csv,28/02/2023,0.077232012,0.001791792,0.078756495,0.136988759,0.009937418,3.610168531,100,3.834030203,
123544,,pos_7,384w,3,4,comp08,Dd2_PI4K_CNV,5,2,automated_syber_4456.csv,28/02/2023,0.427436808,0.023067803,0.423064247,1.109295909,0.183436665,-1.198653388,100,2.303956958,
123551,,pos_6,384w,3,4,comp08,Dd2_PI4K_S1320L+L1418F,5,2,automated_syber_4454.csv,28/02/2023,1.551254963,0.061257479,1.667066671,2.561448706,0.250582475,13.52713159,100,4.381228865,
123558,,pos_4,384w,3,4,comp08,Dd2_PI4K_S743F+H1484Y,5,2,automated_syber_4455.csv,28/02/2023,0.36849731,0.014717613,0.385929995,0.74882738,0.084778372,6.672297897,100,3.098719223,
123566,,pos_7,384w,3,5,comp08,Dd2,5,2,automated_syber_4461.csv,03/03/2023,0.085316915,0.002326237,0.08741338,0.16758883,0.012573354,3.798201045,100,3.254468637,
123574,,pos_7,384w,3,5,comp08,Dd2_PI4K_CNV,25,2,automated_syber_4464.csv,03/03/2023,0.446934774,0.026113941,0.444530924,1.105673773,0.19017801,-0.658401675,100,2.425734832,
123582,,pos_7,384w,3,5,comp08,Dd2_PI4K_S1320L+L1418F,25,2,automated_syber_4463.csv,03/03/2023,1.755524455,0.075093256,1.759982488,3.262465591,0.402328334,0.447596271,100,3.545537102,
123590,,pos_7,384w,3,5,comp08,Dd2_PI4K_S743F+H1484Y,25,2,automated_syber_4462.csv,03/03/2023,0.438572443,0.024121337,0.440882022,1.058493223,0.167596179,0.65063893,100,2.493794944,
123599,,pos_8,384w,3,6,comp08,Dd2,5,2,automated_syber_4474.csv,06/03/2023,0.108195562,0.005933014,0.114962843,0.202222766,0.030773984,9.597756027,100,3.513144845,
123608,,pos_8,384w,3,6,comp08,Dd2_PI4K_CNV,25,2,automated_syber_4477.csv,06/03/2023,0.34295137,0.037018743,0.315138825,3.114458192,0.782373647,-4.393980759,100,0.995921877,
123617,,pos_8,384w,3,6,comp08,Dd2_PI4K_S1320L+L1418F,25,2,automated_syber_4475.csv,06/03/2023,1.840561737,0.067453296,1.877414626,4.516696062,0.421755111,2.368227993,100,2.447588531,
123626,,pos_8,384w,3,6,comp08,Dd2_PI4K_S743F+H1484Y,25,2,automated_syber_4476.csv,06/03/2023,0.533135538,0.04150178,0.551102802,1.550094046,0.361275459,3.298023328,100,2.058684965,
123635,,pos_8,384w,3,7,comp08,Dd2,5,2,automated_syber_4486.csv,14/03/2023,0.090829727,0.012977987,0.090676513,0.608119296,0.231557521,-0.097641404,100,1.155591954,
123644,,pos_8,384w,3,7,comp08,Dd2_PI4K_S1320L+L1418F,25,2,automated_syber_4487.csv,14/03/2023,1.495560234,0.028725508,1.51471008,2.952198045,0.149649181,2.013742062,100,3.230979233,
123653,,pos_8,384w,3,7,comp08,Dd2_PI4K_S743F+H1484Y,25,2,automated_syber_4488.csv,14/03/2023,0.443244253,0.017596875,0.452105659,1.310182619,0.13931934,1.966816286,100,2.027332436,
123662,,pos_8,384w,3,7,comp08,Dd2_PI4K_CNV,25,2,automated_syber_4489.csv,14/03/2023,0.171691499,0.016072757,0.167892394,1.176037746,0.250103995,-1.294002562,100,1.141885781,
123671,,pos_8,384w,3,8,comp08,Dd2,5,2,automated_syber_4490.csv,17/03/2023,0.078818857,0.004691963,0.08354549,0.193246948,0.032977974,6.648734174,100,2.450026607,
123680,,pos_8,384w,3,8,comp08,Dd2_PI4K_S1320L+L1418F,25,2,automated_syber_4491.csv,17/03/2023,1.682422644,0.014033268,1.687288043,2.698888202,0.078859605,0.666791642,100,4.649176544,
123689,,pos_8,384w,3,8,comp08,Dd2_PI4K_S743F+H1484Y,25,2,automated_syber_4492.csv,17/03/2023,0.36558512,0.007858491,0.367570405,0.813084829,0.042714193,0.738829291,100,2.748811178,
123698,,pos_8,384w,3,8,comp08,Dd2_PI4K_CNV,25,2,automated_syber_4493.csv,17/03/2023,0.156718891,0.015594129,0.155659087,0.943548279,0.21409398,-0.41697931,100,1.223948375,
123464,,pos_9,384w,3,1,KDU691,Dd2,1,2,automated_syber_4432.csv,17/02/2023,0.083024446,0.006767636,0.088455803,0.150954098,0.029261341,10.38812557,100,3.675267616,
123473,,pos_9,384w,3,1,KDU691,Dd2_PI4K_S743F+H1484Y,1,2,automated_syber_4430.csv,17/02/2023,0.482412652,0.108917271,0.521673593,1.210155086,0.613979466,8.524705795,100,2.389056422,
123481,,pos_8,384w,3,2,KDU691,Dd2,1,2,automated_syber_4434.csv,21/02/2023,0.107588171,0.004675239,0.109729359,0.138345637,0.004488497,7.909515702,100,8.73840902,
123489,,pos_8,384w,3,2,KDU691,Dd2_PI4K_CNV,1,2,automated_syber_4437.csv,21/02/2023,0.306047726,0.01097369,0.322865029,0.464200204,0.043191438,12.29199223,100,5.274500946,
123497,,pos_8,384w,3,2,KDU691,Dd2_PI4K_S743F+H1484Y,1,2,automated_syber_4436.csv,21/02/2023,0.409911999,0.026675193,0.445265663,0.820016278,0.128118131,11.53040281,100,3.1688529,
123506,,pos_9,384w,3,3,KDU691,Dd2,1,2,automated_syber_4450.csv,24/02/2023,0.066644529,0.005839595,0.072933781,0.140565731,0.032482546,11.65888733,100,2.944148333,
123514,,pos_8,384w,3,3,KDU691,Dd2_PI4K_CNV,1,2,automated_syber_4449.csv,24/02/2023,0.31480309,0.036803693,0.30534079,1.002539714,0.268469862,-2.979929515,100,1.896866336,
123529,,pos_6,384w,3,3,KDU691,Dd2_PI4K_S743F+H1484Y,1,2,automated_syber_4448.csv,24/02/2023,0.406225032,0.015284593,0.457451284,0.830070319,0.073430775,15.29595218,100,3.074747974,
123537,,pos_8,384w,3,4,KDU691,Dd2,5,2,automated_syber_4452.csv,28/02/2023,0.06705231,0.002083874,0.068473967,0.111405601,0.008773619,4.339934006,100,4.327762255,
123545,,pos_8,384w,3,4,KDU691,Dd2_PI4K_CNV,5,2,automated_syber_4456.csv,28/02/2023,0.365916959,0.016489257,0.368400449,0.683204395,0.106810861,1.176093665,100,3.519007071,
123559,,pos_5,384w,3,4,KDU691,Dd2_PI4K_S743F+H1484Y,5,2,automated_syber_4455.csv,28/02/2023,0.41497538,0.01431361,0.445061428,0.690675017,0.052632913,13.02849882,100,4.312932891,
123567,,pos_8,384w,3,5,KDU691,Dd2,5,2,automated_syber_4461.csv,03/03/2023,0.072498294,0.00259073,0.074855877,0.150543533,0.015528968,4.587275012,100,3.007057389,
123575,,pos_8,384w,3,5,KDU691,Dd2_PI4K_CNV,25,2,automated_syber_4464.csv,03/03/2023,0.432120168,0.019944081,0.433560251,1.08674584,0.1338943,0.394767166,100,2.382488488,
123583,,pos_8,384w,3,5,KDU691,Dd2_PI4K_S1320L+L1418F,25,2,automated_syber_4463.csv,03/03/2023,3.747772623,0.184007978,3.897237696,6.239935599,0.781502428,7.755317694,100,4.30990464,
123591,,pos_8,384w,3,5,KDU691,Dd2_PI4K_S743F+H1484Y,25,2,automated_syber_4462.csv,03/03/2023,0.481003527,0.02255402,0.49202206,0.827577739,0.10746606,4.381546463,100,4.049224851,
123600,,pos_9,384w,3,6,KDU691,Dd2,5,2,automated_syber_4474.csv,06/03/2023,0.135523951,0.01016983,0.146580255,0.461575203,0.0861703,6.558582136,100,1.792925875,
123609,,pos_9,384w,3,6,KDU691,Dd2_PI4K_CNV,25,2,automated_syber_4477.csv,06/03/2023,0.457439274,0.042175705,0.42783551,3.637561156,0.810117979,-3.673700367,100,1.059707981,
123618,,pos_9,384w,3,6,KDU691,Dd2_PI4K_S1320L+L1418F,25,2,automated_syber_4475.csv,06/03/2023,4.47148864,0.251794756,5.742637385,9.402723885,1.238860631,26.13511299,100,2.956127397,
123627,,pos_9,384w,3,6,KDU691,Dd2_PI4K_S743F+H1484Y,25,2,automated_syber_4476.csv,06/03/2023,0.712433495,0.115460161,0.790514693,3.375470969,1.535204535,6.830653806,100,1.412457914,
123636,,pos_9,384w,3,7,KDU691,Dd2,5,2,automated_syber_4486.csv,14/03/2023,0.069260338,0.005358505,0.07432486,0.178148886,0.044039193,7.56857288,100,2.325727489,
123645,,pos_9,384w,3,7,KDU691,Dd2_PI4K_S1320L+L1418F,25,2,automated_syber_4487.csv,14/03/2023,3.388630907,0.112000057,3.689543133,6.900272009,0.567555321,11.55771936,100,3.089743896,
123654,,pos_9,384w,3,7,KDU691,Dd2_PI4K_S743F+H1484Y,25,2,automated_syber_4488.csv,14/03/2023,0.510283008,0.034473685,0.543367695,1.417844069,0.294216295,6.317245045,100,2.150079259,
123663,,pos_9,384w,3,7,KDU691,Dd2_PI4K_CNV,25,2,automated_syber_4489.csv,14/03/2023,0.168606482,0.011019613,0.169107842,0.932253221,0.138792808,0.190388944,100,1.284898864,
123672,,pos_9,384w,3,8,KDU691,Dd2,5,2,automated_syber_4490.csv,17/03/2023,0.069616222,0.002583637,0.072750245,0.11220423,0.016508226,9.173896354,100,4.603223061,
123681,,pos_9,384w,3,8,KDU691,Dd2_PI4K_S1320L+L1418F,25,2,automated_syber_4491.csv,17/03/2023,3.533499239,0.071398891,3.589158785,5.637224942,0.33701665,3.54406261,100,4.703937706,
123690,,pos_9,384w,3,8,KDU691,Dd2_PI4K_S743F+H1484Y,25,2,automated_syber_4492.csv,17/03/2023,0.438235534,0.008671671,0.444244908,0.836687175,0.045054526,2.260982257,100,3.397627721,
123699,,pos_9,384w,3,8,KDU691,Dd2_PI4K_CNV,25,2,automated_syber_4493.csv,17/03/2023,0.140320776,0.012360451,0.142126734,0.667605113,0.134419882,0.892657439,100,1.408688785,
yh8FQbS7G2w22C,plate1_Dd2_rep1,pos_1,96w,3,06-22-C06,comp09,Dd2,10,2,TRno_20240126_085834_rep1.csv,26/01/2024,0.376813558,0.045018014,0.39411118,3.951849034,1.346363138,2.15799546,105.0295093,0.934914255,0.91
jetXPxepnjPI2r,plate1_Dd2_ProRS_rep1,pos_1,96w,3,06-22-C06,comp09,Dd2_ProRS_L482H,50,2,TRno_20240126_090036_rep1.csv,26/01/2024,0.111249391,0.092588093,0.089236869,8.447031452,2.747530565,-10.29826853,173.9784209,0.507466085,0.91
xDEUuzi1OaZMgD,plate1_Dd2_rep2,pos_1,96w,3,06-22-C06,comp09,Dd2,70,3,TRno_20240130_135124_rep2.csv,30/01/2024,0.581060084,0.089047631,0.569608819,10.29616026,3.572673517,-0.775602707,101.1877577,0.764339188,0.93
uYxajjBXJI78GM,plate1_Dd2_ProRS_rep2,pos_1,96w,3,06-22-C06,comp09,Dd2_ProRS_L482H,90,3,TRno_20240130_135320_rep2.csv,30/01/2024,0.555753447,0.109667166,0.639736399,9.699269005,3.915328233,5.193651235,101.3432073,0.76839977,0.72
NsypMTgGSDzTcJ,plate1_Dd2_rep1,pos_2,96w,3,02-23-C03,comp10,Dd2,10,2,TRno_20240126_085834_rep1.csv,26/01/2024,0.239673948,0.016967157,0.243484741,1.370116089,0.228908364,0.988461424,100.4270409,1.260330816,0.68
GlH1psWddbVTlG,plate1_Dd2_ProRS_rep1,pos_2,96w,3,02-23-C03,comp10,Dd2_ProRS_L482H,50,2,TRno_20240126_090036_rep1.csv,26/01/2024,0.318629161,0.009403797,0.3214073,1.033529814,0.055078245,0.839852134,104.4624456,1.867265182,0.91
DVKa1pI7mIrcP5,plate1_Dd2_rep2,pos_2,96w,3,02-23-C03,comp10,Dd2,10,2,TRno_20240130_135124_rep2.csv,30/01/2024,0.458036183,0.02827302,0.421598287,2.84803667,0.420780892,-5.221940073,99.65004883,1.202353143,0.9
JKko6YfGZ9fQ3N,plate1_Dd2_ProRS_rep2,pos_2,96w,3,02-23-C03,comp10,Dd2_ProRS_L482H,10,2,TRno_20240130_135320_rep2.csv,30/01/2024,0.541890792,0.036866602,0.537405279,2.300344818,0.368803881,-0.623598688,98.10789774,1.519782015,0.85
fpZCXv02b1xVHj,plate2_Dd2_rep1,pos_1,96w,3,02-23-C04,comp11,Dd2,10,2,TRno_20240126_090330_rep1.csv,26/01/2024,0.51043112,0.054581641,0.472783262,4.142273368,1.231539625,-4.157968907,99.32285925,1.049423532,0.86
0h6sHVZmmM7sd0,plate2_Dd2_rep2,pos_1,96w,3,02-23-C04,comp11,Dd2,25,2,TRno_20240130_135516_rep2.csv,30/01/2024,0.693141225,0.061317049,0.656647318,5.413602616,1.066973127,-3.064009367,102.954122,1.068982082,0.91
zBqCQ3IcsA4nqm,plate2_Dd2_ProRS_rep1,pos_1,96w,3,02-23-C04,comp11,Dd2_ProRS_L482H,50,2,TRno_20240126_090545_rep1.csv,26/01/2024,0.552438976,0.028878307,0.566030456,1.73088527,0.228427429,2.278289231,99.73973298,1.923938203,0.92
I8yda3WfRUgFC8,plate2_Dd2_ProRS_rep2,pos_1,96w,3,02-23-C04,comp11,Dd2_ProRS_L482H,25,2,TRno_20210130_135614_rep2.csv,30/01/2024,0.759395844,0.029530257,0.758368484,4.200641008,0.376664897,-0.088540326,101.7386258,1.284574155,0.84
Iob5dkGpCoMTvx,plate2_Dd2_rep1,pos_2,96w,3,06-22-C09,comp12,Dd2,10,2,TRno_20240126_090330_rep1.csv,26/01/2024,0.36636686,0.019374775,0.377539241,2.067906673,0.277631886,1.870191889,99.95800806,1.269589914,0.82
X7ZCqi6roAZuET,plate2_Dd2_rep2,pos_2,96w,3,06-22-C09,comp12,Dd2,10,2,TRno_20240130_135516_rep2.csv,30/01/2024,0.65718502,0.037522449,0.671624149,4.385418344,0.639568842,1.257396957,101.2202616,1.157607003,0.9
yi7ATPNsniIHh1,plate2_Dd2_ProRS_rep1,pos_2,96w,3,06-22-C09,comp12,Dd2_ProRS_L482H,25,2,TRno_20240126_090545_rep1.csv,26/01/2024,0.510469986,0.023884384,0.527345434,1.820812011,0.186702426,2.603060433,95.27266182,1.727777159,0.88
sTWw6IcwVviSBS,plate2_Dd2_ProRS_rep2,pos_2,96w,3,06-22-C09,comp12,Dd2_ProRS_L482H,25,2,TRno_20210130_135614_rep2.csv,30/01/2024,0.549346354,0.027186889,0.576946887,2.726584627,0.308742519,3.252299195,100.0376727,1.371485919,0.71
A4VivC7rIHrUXC,plate1_rep1,pos_1,96w,3,SPECS-24-C05,comp13,3D7,2,2,TRno_rep1.csv,16/01/2024,0.139291075,0.003760867,0.140378381,0.224706787,0.019851598,1.659743377,94.58657412,4.594487862,0.85
llOOH0crIZvk1z,plate1_rep1,pos_2,96w,3,SPECS-24-C05,comp13,3D7_ABCI3_R2180P,10,2,TRno_rep1.csv,16/01/2024,0.091293854,0.002695298,0.091268674,0.184484478,0.011523017,-0.041052094,95.25450019,3.123356431,0.94
apvh6vm2H1wssv,plate1_rep2,pos_1,96w,3,SPECS-24-C05,comp13,3D7,2,2,TRno_rep2.csv,23/01/2024,0.103855035,0.002601763,0.103025539,0.212170078,0.010238546,-1.227755908,98.33560116,3.075655977,1.06
5Hx4fwjL47xnqB,plate1_rep2,pos_2,96w,3,SPECS-24-C05,comp13,3D7_ABCI3_R2180P,10,2,TRno_rep2.csv,23/01/2024,0.120680191,0.002231181,0.121134857,0.195615296,0.005332937,0.8375222,98.75852519,4.54906311,0.82
