"cell","compound","starting_uM","mean_IC50_uM","stdev","n","background","max_starting_uM","wild_type_IC50","wt_stdev","wt_n","FC","w","p.value"
"Dd2_PI4K_S743F+H1484Y","KDU691",25,0.4741,0.1009,8,"Dd2",5,0.0812,0.0249,8,5.84,0,0.000155400155400155
"Dd2_PI4K_CNV","KDU691",25,0.2881,0.1215,7,"Dd2",5,0.0812,0.0249,8,3.55,0,0.000310800310800311
"Dd2_PI4K_S1320L+L1418F","KDU691",25,3.7637,0.4806,4,"Dd2",5,0.0812,0.0249,8,46.35,0,0.00404040404040404
"Dd2_PI4K_S743F+H1484Y","comp01",5,0.0491,0.026,8,"Dd2",5,0.1435,0.0454,8,0.34,64,0.000155400155400155
"Dd2_PI4K_CNV","comp01",25,0.3188,0.0813,7,"Dd2",5,0.1435,0.0454,8,2.22,0,0.000310800310800311
"Dd2_PI4K_S1320L+L1418F","comp01",25,0.9085,0.2436,6,"Dd2",5,0.1435,0.0454,8,6.33,0,0.000666000666000666
"Dd2_PI4K_S743F+H1484Y","comp02",25,0.3914,0.108,8,"Dd2",5,0.0789,0.0207,8,4.96,0,0.000155400155400155
"Dd2_PI4K_CNV","comp02",25,0.1992,0.0695,7,"Dd2",5,0.0789,0.0207,8,2.52,1,0.000621600621600622
"Dd2_PI4K_S1320L+L1418F","comp02",25,3.5611,1.4647,4,"Dd2",5,0.0789,0.0207,8,45.13,0,0.00404040404040404
"Dd2_PI4K_S743F+H1484Y","comp03",5,0.0997,0.0254,8,"Dd2",5,0.0971,0.0534,8,1.03,32,1
"Dd2_PI4K_CNV","comp03",5,0.1079,0.0334,7,"Dd2",5,0.0971,0.0534,8,1.11,25,0.778865578865579
"Dd2_PI4K_S1320L+L1418F","comp03",5,0.1098,0.032,6,"Dd2",5,0.0971,0.0534,8,1.13,22,0.851814851814852
"Dd2_PI4K_S743F+H1484Y","comp04",1,0.0421,0.007,8,"Dd2",1,0.0423,0.02,8,1,30,0.878477078477078
"Dd2_PI4K_CNV","comp04",1,0.0401,0.01,7,"Dd2",1,0.0423,0.02,8,0.95,32,0.694327894327894
"Dd2_PI4K_S1320L+L1418F","comp04",1,0.0455,0.0103,6,"Dd2",1,0.0423,0.02,8,1.08,20,0.662004662004662
"Dd2_PI4K_S743F+H1484Y","comp05",10,0.0554,0.0305,7,"Dd2",10,0.0439,0.0047,7,1.26,12,0.128205128205128
"Dd2_PI4K_CNV","comp05",2,0.046,0.0126,6,"Dd2",10,0.0439,0.0047,7,1.05,20,0.945221445221445
"Dd2_PI4K_S1320L+L1418F","comp05",2,0.0578,0.0268,6,"Dd2",10,0.0439,0.0047,7,1.32,10,0.137529137529138
"Dd2_PI4K_S743F+H1484Y","comp06",5,0.0775,0.0207,6,"Dd2",5,0.0858,0.0712,6,0.9,18,1
"Dd2_PI4K_CNV","comp06",5,0.0782,0.0169,5,"Dd2",5,0.0858,0.0712,6,0.91,12,0.662337662337662
"Dd2_PI4K_S1320L+L1418F","comp06",5,0.0814,0.0231,4,"Dd2",5,0.0858,0.0712,6,0.95,10,0.761904761904762
"Dd2_PI4K_S743F+H1484Y","comp07",5,0.199,0.0392,8,"Dd2",5,0.1844,0.1266,8,1.08,27,0.645376845376845
"Dd2_PI4K_CNV","comp07",5,0.1776,0.0438,7,"Dd2",5,0.1844,0.1266,8,0.96,28,1
"Dd2_PI4K_S1320L+L1418F","comp07",5,0.2106,0.04,6,"Dd2",5,0.1844,0.1266,8,1.14,19,0.572760572760573
"Dd2_PI4K_S743F+H1484Y","comp08",25,0.3764,0.0824,8,"Dd2",5,0.0859,0.0187,8,4.38,0,0.000155400155400155
"Dd2_PI4K_CNV","comp08",25,0.3137,0.1555,6,"Dd2",5,0.0859,0.0187,8,3.65,0,0.000666000666000666
"Dd2_PI4K_S1320L+L1418F","comp08",25,1.6602,0.1423,5,"Dd2",5,0.0859,0.0187,8,19.33,0,0.00155400155400155
"Dd2_ProRS_L482H","comp09",90,0.2487,0.3143,2,"Dd2",70,0.4679,0.1444,2,0.53,3,0.666666666666667
"Dd2_ProRS_L482H","comp10",50,0.4155,0.1579,2,"Dd2",10,0.3313,0.1544,2,1.25,1,0.666666666666667
"Dd2_ProRS_L482H","comp11",50,0.6477,0.1463,2,"Dd2",25,0.5948,0.1292,2,1.09,1,0.666666666666667
"Dd2_ProRS_L482H","comp12",25,0.5296,0.0275,2,"Dd2",10,0.4907,0.2056,2,1.08,2,1
"3D7_ABCI3_R2180P","comp13",10,0.105,0.0208,2,"3D7",2,0.1203,0.0251,2,0.87,3,0.666666666666667
